PARTICIPANT_ID,TEST_SECTION_ID,SENTENCE,USER_INPUT,KEYSTROKE_ID,PRESS_TIME,RELEASE_TIME,LETTER,KEYCODE
100097,1092178,There is no average.,There is no average.,51950108,1473276245516,1473276245755,SHIFT,16
100097,1092178,There is no average.,There is no average.,51950115,1473276245643,1473276245818,T,84
100097,1092178,There is no average.,There is no average.,51950121,1473276246123,1473276246219,h,72
100097,1092178,There is no average.,There is no average.,51950126,1473276246331,1473276246475,e,69
100097,1092178,There is no average.,There is no average.,51950133,1473276246459,1473276246571,r,82
100097,1092178,There is no average.,There is no average.,51950141,1473276246603,1473276246715,e,69
100097,1092178,There is no average.,There is no average.,51950210,1473276246779,1473276246923, ,32
100097,1092178,There is no average.,There is no average.,51950214,1473276247051,1473276247163,i,73
100097,1092178,There is no average.,There is no average.,51950219,1473276247227,1473276247370,s,83
100097,1092178,There is no average.,There is no average.,51950224,1473276247355,1473276247515, ,32
100097,1092178,There is no average.,There is no average.,51950232,1473276247531,1473276247691,n,78
100097,1092178,There is no average.,There is no average.,51950316,1473276247696,1473276247803,o,79
100097,1092178,There is no average.,There is no average.,51950321,1473276247915,1473276248075, ,32
100097,1092178,There is no average.,There is no average.,51950326,1473276248187,1473276248443,a,65
100097,1092178,There is no average.,There is no average.,51950330,1473276248411,1473276248554,v,86
100097,1092178,There is no average.,There is no average.,51950334,1473276248731,1473276248923,e,69
100097,1092178,There is no average.,There is no average.,51950578,1473276248891,1473276249018,r,82
100097,1092178,There is no average.,There is no average.,51950582,1473276249099,1473276249275,a,65
100097,1092178,There is no average.,There is no average.,51950587,1473276249275,1473276249418,g,71
100097,1092178,There is no average.,There is no average.,51950596,1473276249546,1473276249674,e,69
100097,1092178,There is no average.,There is no average.,51950606,1473276250682,1473276250762,.,190
100097,1092227,I'll let you know after lunch.,I'll let you know after lunch.,51951147,1473276258106,1473276259051,SHIFT,16
100097,1092227,I'll let you know after lunch.,I'll let you know after lunch.,51951152,1473276258906,1473276259051,I,73
100097,1092227,I'll let you know after lunch.,I'll let you know after lunch.,51951157,1473276259450,1473276259562,',222
100097,1092227,I'll let you know after lunch.,I'll let you know after lunch.,51951160,1473276259851,1473276259883,;,76
100097,1092227,I'll let you know after lunch.,I'll let you know after lunch.,51951163,1473276259994,1473276260058,l,76
100097,1092227,I'll let you know after lunch.,I'll let you know after lunch.,51951368,1473276260554,1473276260618,BKSP,8
100097,1092227,I'll let you know after lunch.,I'll let you know after lunch.,51951376,1473276260730,1473276260826,BKSP,8
100097,1092227,I'll let you know after lunch.,I'll let you know after lunch.,51951382,1473276261450,1473276261514,l,76
100097,1092227,I'll let you know after lunch.,I'll let you know after lunch.,51951387,1473276261610,1473276261690,l,76
100097,1092227,I'll let you know after lunch.,I'll let you know after lunch.,51951392,1473276261866,1473276261978, ,32
100097,1092227,I'll let you know after lunch.,I'll let you know after lunch.,51951398,1473276262346,1473276262410,BKSP,8
100097,1092227,I'll let you know after lunch.,I'll let you know after lunch.,51951403,1473276262506,1473276262586,BKSP,8
100097,1092227,I'll let you know after lunch.,I'll let you know after lunch.,51951411,1473276262746,1473276262842, ,32
100097,1092227,I'll let you know after lunch.,I'll let you know after lunch.,51951416,1473276263370,1473276263466,k,75
100097,1092227,I'll let you know after lunch.,I'll let you know after lunch.,51951588,1473276263946,1473276264010,=,187
100097,1092227,I'll let you know after lunch.,I'll let you know after lunch.,51951591,1473276264266,1473276264362,BKSP,8
100097,1092227,I'll let you know after lunch.,I'll let you know after lunch.,51951595,1473276264458,1473276264538,BKSP,8
100097,1092227,I'll let you know after lunch.,I'll let you know after lunch.,51951600,1473276265306,1473276265402,l,76
100097,1092227,I'll let you know after lunch.,I'll let you know after lunch.,51951604,1473276265722,1473276265899,e,69
100097,1092227,I'll let you know after lunch.,I'll let you know after lunch.,51951611,1473276265899,1473276266010,t,84
100097,1092227,I'll let you know after lunch.,I'll let you know after lunch.,51951617,1473276266106,1473276266266, ,32
100097,1092227,I'll let you know after lunch.,I'll let you know after lunch.,51951656,1473276266474,1473276266570,y,89
100097,1092227,I'll let you know after lunch.,I'll let you know after lunch.,51951662,1473276266618,1473276266762,o,79
100097,1092227,I'll let you know after lunch.,I'll let you know after lunch.,51951670,1473276266763,1473276266826,u,85
100097,1092227,I'll let you know after lunch.,I'll let you know after lunch.,51951676,1473276266938,1473276267050, ,32
100097,1092227,I'll let you know after lunch.,I'll let you know after lunch.,51951684,1473276267130,1473276267322,k,75
100097,1092227,I'll let you know after lunch.,I'll let you know after lunch.,51951737,1473276267306,1473276267483,n,78
100097,1092227,I'll let you know after lunch.,I'll let you know after lunch.,51951742,1473276267450,1473276267578,o,79
100097,1092227,I'll let you know after lunch.,I'll let you know after lunch.,51951745,1473276267594,1473276267755,w,87
100097,1092227,I'll let you know after lunch.,I'll let you know after lunch.,51951749,1473276267755,1473276267850, ,32
100097,1092227,I'll let you know after lunch.,I'll let you know after lunch.,51951754,1473276268090,1473276268314,a,65
100097,1092227,I'll let you know after lunch.,I'll let you know after lunch.,51951760,1473276268315,1473276268395,g,70
100097,1092227,I'll let you know after lunch.,I'll let you know after lunch.,51951845,1473276268794,1473276268890,BKSP,8
100097,1092227,I'll let you know after lunch.,I'll let you know after lunch.,51951847,1473276269002,1473276269162,t,84
100097,1092227,I'll let you know after lunch.,I'll let you know after lunch.,51951852,1473276269226,1473276269370,e,69
100097,1092227,I'll let you know after lunch.,I'll let you know after lunch.,51951857,1473276269371,1473276269482,r,82
100097,1092227,I'll let you know after lunch.,I'll let you know after lunch.,51951861,1473276269546,1473276269770, ,32
100097,1092227,I'll let you know after lunch.,I'll let you know after lunch.,51951866,1473276269994,1473276270170,l,76
100097,1092227,I'll let you know after lunch.,I'll let you know after lunch.,51951937,1473276270522,1473276270618,u,85
100097,1092227,I'll let you know after lunch.,I'll let you know after lunch.,51951939,1473276270762,1473276270842,n,78
100097,1092227,I'll let you know after lunch.,I'll let you know after lunch.,51951940,1473276270954,1473276271082,c,67
100097,1092227,I'll let you know after lunch.,I'll let you know after lunch.,51951942,1473276271146,1473276271210,h,72
100097,1092227,I'll let you know after lunch.,I'll let you know after lunch.,51951945,1473276271690,1473276271770,/,191
100097,1092227,I'll let you know after lunch.,I'll let you know after lunch.,51952101,1473276272202,1473276272282,BKSP,8
100097,1092227,I'll let you know after lunch.,I'll let you know after lunch.,51952103,1473276273002,1473276273082,.,190
100097,1092256,"Robert ,I'm working on this right now.","Robert , I'm working on this  right now.",51952572,1473276278042,1473276278954,SHIFT,16
100097,1092256,"Robert ,I'm working on this right now.","Robert , I'm working on this  right now.",51952576,1473276278858,1473276279034,R,82
100097,1092256,"Robert ,I'm working on this right now.","Robert , I'm working on this  right now.",51952581,1473276279226,1473276279434,o,79
100097,1092256,"Robert ,I'm working on this right now.","Robert , I'm working on this  right now.",51952585,1473276279466,1473276279514,b,66
100097,1092256,"Robert ,I'm working on this right now.","Robert , I'm working on this  right now.",51952590,1473276279690,1473276279834,e,69
100097,1092256,"Robert ,I'm working on this right now.","Robert , I'm working on this  right now.",51952771,1473276279818,1473276279949,r,82
100097,1092256,"Robert ,I'm working on this right now.","Robert , I'm working on this  right now.",51952774,1473276280122,1473276280266,t,84
100097,1092256,"Robert ,I'm working on this right now.","Robert , I'm working on this  right now.",51952785,1473276280906,1473276281002, ,32
100097,1092256,"Robert ,I'm working on this right now.","Robert , I'm working on this  right now.",51952791,1473276281402,1473276281498,",",188
100097,1092256,"Robert ,I'm working on this right now.","Robert , I'm working on this  right now.",51952794,1473276281786,1473276281882, ,32
100097,1092256,"Robert ,I'm working on this right now.","Robert , I'm working on this  right now.",51953033,1473276282154,1473276282714,SHIFT,16
100097,1092256,"Robert ,I'm working on this right now.","Robert , I'm working on this  right now.",51952799,1473276282474,1473276282602,I,73
100097,1092256,"Robert ,I'm working on this right now.","Robert , I'm working on this  right now.",51953037,1473276283578,1473276283706,',222
100097,1092256,"Robert ,I'm working on this right now.","Robert , I'm working on this  right now.",51953039,1473276283866,1473276283914,.,190
100097,1092256,"Robert ,I'm working on this right now.","Robert , I'm working on this  right now.",51953044,1473276284442,1473276284506,BKSP,8
100097,1092256,"Robert ,I'm working on this right now.","Robert , I'm working on this  right now.",51953048,1473276284714,1473276284794,",",188
100097,1092256,"Robert ,I'm working on this right now.","Robert , I'm working on this  right now.",51953055,1473276285017,1473276285098, ,32
100097,1092256,"Robert ,I'm working on this right now.","Robert , I'm working on this  right now.",51953061,1473276285338,1473276285402,BKSP,8
100097,1092256,"Robert ,I'm working on this right now.","Robert , I'm working on this  right now.",51953067,1473276285514,1473276285578,BKSP,8
100097,1092256,"Robert ,I'm working on this right now.","Robert , I'm working on this  right now.",51953074,1473276286218,1473276286298,m,77
100097,1092256,"Robert ,I'm working on this right now.","Robert , I'm working on this  right now.",51953086,1473276286410,1473276286538, ,32
100097,1092256,"Robert ,I'm working on this right now.","Robert , I'm working on this  right now.",51953088,1473276286762,1473276286922,w,87
100097,1092256,"Robert ,I'm working on this right now.","Robert , I'm working on this  right now.",51953090,1473276286923,1473276287050,o,79
100097,1092256,"Robert ,I'm working on this right now.","Robert , I'm working on this  right now.",51953093,1473276287051,1473276287098,u,85
100097,1092256,"Robert ,I'm working on this right now.","Robert , I'm working on this  right now.",51953262,1473276287083,1473276287226,r,82
100097,1092256,"Robert ,I'm working on this right now.","Robert , I'm working on this  right now.",51953266,1473276287306,1473276287338,k,75
100097,1092256,"Robert ,I'm working on this right now.","Robert , I'm working on this  right now.",51953270,1473276287578,1473276287642,BKSP,8
100097,1092256,"Robert ,I'm working on this right now.","Robert , I'm working on this  right now.",51953273,1473276287754,1473276287818,BKSP,8
100097,1092256,"Robert ,I'm working on this right now.","Robert , I'm working on this  right now.",51953275,1473276287930,1473276287994,BKSP,8
100097,1092256,"Robert ,I'm working on this right now.","Robert , I'm working on this  right now.",51953276,1473276288090,1473276288234,r,82
100097,1092256,"Robert ,I'm working on this right now.","Robert , I'm working on this  right now.",51953277,1473276289274,1473276289370,k,75
100097,1092256,"Robert ,I'm working on this right now.","Robert , I'm working on this  right now.",51953279,1473276289466,1473276289610,i,73
100097,1092256,"Robert ,I'm working on this right now.","Robert , I'm working on this  right now.",51953281,1473276289642,1473276289754,n,78
100097,1092256,"Robert ,I'm working on this right now.","Robert , I'm working on this  right now.",51953313,1473276289802,1473276289946,g,71
100097,1092256,"Robert ,I'm working on this right now.","Robert , I'm working on this  right now.",51953316,1473276289914,1473276290074, ,32
100097,1092256,"Robert ,I'm working on this right now.","Robert , I'm working on this  right now.",51953320,1473276290218,1473276290378,o,79
100097,1092256,"Robert ,I'm working on this right now.","Robert , I'm working on this  right now.",51953324,1473276290379,1473276290458,n,78
100097,1092256,"Robert ,I'm working on this right now.","Robert , I'm working on this  right now.",51953327,1473276290522,1473276290602, ,32
100097,1092256,"Robert ,I'm working on this right now.","Robert , I'm working on this  right now.",51953423,1473276290607,1473276290698,t,84
100097,1092256,"Robert ,I'm working on this right now.","Robert , I'm working on this  right now.",51953427,1473276290699,1473276290778,h,89
100097,1092256,"Robert ,I'm working on this right now.","Robert , I'm working on this  right now.",51953430,1473276290810,1473276290986,i,73
100097,1092256,"Robert ,I'm working on this right now.","Robert , I'm working on this  right now.",51953433,1473276291418,1473276291498,BKSP,8
100097,1092256,"Robert ,I'm working on this right now.","Robert , I'm working on this  right now.",51953438,1473276291594,1473276291674,BKSP,8
100097,1092256,"Robert ,I'm working on this right now.","Robert , I'm working on this  right now.",51953441,1473276291786,1473276291866,BKSP,8
100097,1092256,"Robert ,I'm working on this right now.","Robert , I'm working on this  right now.",51953449,1473276292154,1473276292298,h,72
100097,1092256,"Robert ,I'm working on this right now.","Robert , I'm working on this  right now.",51953527,1473276292314,1473276292410,i,73
100097,1092256,"Robert ,I'm working on this right now.","Robert , I'm working on this  right now.",51953529,1473276292586,1473276292762, ,83
100097,1092256,"Robert ,I'm working on this right now.","Robert , I'm working on this  right now.",51953530,1473276293210,1473276293290, ,32
100097,1092256,"Robert ,I'm working on this right now.","Robert , I'm working on this  right now.",51953531,1473276293530,1473276293674,r,82
100097,1092256,"Robert ,I'm working on this right now.","Robert , I'm working on this  right now.",51953607,1473276293722,1473276293802,u,85
100097,1092256,"Robert ,I'm working on this right now.","Robert , I'm working on this  right now.",51953612,1473276294218,1473276294282,BKSP,8
100097,1092256,"Robert ,I'm working on this right now.","Robert , I'm working on this  right now.",51953617,1473276294490,1473276294634,i,73
100097,1092256,"Robert ,I'm working on this right now.","Robert , I'm working on this  right now.",51953619,1473276294666,1473276294778,g,71
100097,1092256,"Robert ,I'm working on this right now.","Robert , I'm working on this  right now.",51953621,1473276294794,1473276294874,h,72
100097,1092256,"Robert ,I'm working on this right now.","Robert , I'm working on this  right now.",51953623,1473276294922,1473276295034,t,84
100097,1092256,"Robert ,I'm working on this right now.","Robert , I'm working on this  right now.",51953665,1473276295066,1473276295242, ,32
100097,1092256,"Robert ,I'm working on this right now.","Robert , I'm working on this  right now.",51953669,1473276295354,1473276295514,n,78
100097,1092256,"Robert ,I'm working on this right now.","Robert , I'm working on this  right now.",51953674,1473276295482,1473276295610,o,79
100097,1092256,"Robert ,I'm working on this right now.","Robert , I'm working on this  right now.",51953681,1473276295626,1473276295770,w,87
100097,1092256,"Robert ,I'm working on this right now.","Robert , I'm working on this  right now.",51953688,1473276295834,1473276295930,.,190
100097,1092289,I'm glad you liked it.,I'm glad you liked it.,51954208,1473276301594,1473276301802,SHIFT,16
100097,1092289,I'm glad you liked it.,I'm glad you liked it.,51954210,1473276301754,1473276301866,I,73
100097,1092289,I'm glad you liked it.,I'm glad you liked it.,51954213,1473276302266,1473276302362,',222
100097,1092289,I'm glad you liked it.,I'm glad you liked it.,51954216,1473276302922,1473276303018,m,77
100097,1092289,I'm glad you liked it.,I'm glad you liked it.,51954219,1473276303306,1473276303418, ,32
100097,1092289,I'm glad you liked it.,I'm glad you liked it.,51954225,1473276303642,1473276303786,g,71
100097,1092289,I'm glad you liked it.,I'm glad you liked it.,51954355,1473276304234,1473276304346,l,76
100097,1092289,I'm glad you liked it.,I'm glad you liked it.,51954356,1473276304474,1473276304618,a,65
100097,1092289,I'm glad you liked it.,I'm glad you liked it.,51954361,1473276304714,1473276304794,s,83
100097,1092289,I'm glad you liked it.,I'm glad you liked it.,51954366,1473276305082,1473276305146,BKSP,8
100097,1092289,I'm glad you liked it.,I'm glad you liked it.,51954371,1473276305226,1473276305338,d,68
100097,1092289,I'm glad you liked it.,I'm glad you liked it.,51954377,1473276305370,1473276305498, ,32
100097,1092289,I'm glad you liked it.,I'm glad you liked it.,51954448,1473276305674,1473276305770,y,89
100097,1092289,I'm glad you liked it.,I'm glad you liked it.,51954453,1473276305818,1473276305962,o,79
100097,1092289,I'm glad you liked it.,I'm glad you liked it.,51954462,1473276305963,1473276306042,u,85
100097,1092289,I'm glad you liked it.,I'm glad you liked it.,51954473,1473276306138,1473276306330, ,32
100097,1092289,I'm glad you liked it.,I'm glad you liked it.,51954479,1473276306442,1473276306634,l,76
100097,1092289,I'm glad you liked it.,I'm glad you liked it.,51954551,1473276306602,1473276306682,i,73
100097,1092289,I'm glad you liked it.,I'm glad you liked it.,51954554,1473276306826,1473276306906,k,75
100097,1092289,I'm glad you liked it.,I'm glad you liked it.,51954560,1473276306986,1473276307082,e,69
100097,1092289,I'm glad you liked it.,I'm glad you liked it.,51954562,1473276307194,1473276307306,d,68
100097,1092289,I'm glad you liked it.,I'm glad you liked it.,51954567,1473276307370,1473276307450, ,32
100097,1092289,I'm glad you liked it.,I'm glad you liked it.,51954572,1473276307530,1473276307690,i,73
100097,1092289,I'm glad you liked it.,I'm glad you liked it.,51954713,1473276307695,1473276307834,t,84
100097,1092289,I'm glad you liked it.,I'm glad you liked it.,51954717,1473276308122,1473276308218,.,190
100097,1092310,We are down to 3 employees here in Denver.,We are down to 3 employees here in Denver.,51955096,1473276313706,1473276313866,SHIFT,16
100097,1092310,We are down to 3 employees here in Denver.,We are down to 3 employees here in Denver.,51955102,1473276313818,1473276314010,W,87
100097,1092310,We are down to 3 employees here in Denver.,We are down to 3 employees here in Denver.,51955109,1473276314234,1473276314362,r,82
100097,1092310,We are down to 3 employees here in Denver.,We are down to 3 employees here in Denver.,51955115,1473276314762,1473276314842,BKSP,8
100097,1092310,We are down to 3 employees here in Denver.,We are down to 3 employees here in Denver.,51955120,1473276314922,1473276315017,e,69
100097,1092310,We are down to 3 employees here in Denver.,We are down to 3 employees here in Denver.,51955128,1473276315065,1473276315193, ,32
100097,1092310,We are down to 3 employees here in Denver.,We are down to 3 employees here in Denver.,51955133,1473276315289,1473276315482,a,65
100097,1092310,We are down to 3 employees here in Denver.,We are down to 3 employees here in Denver.,51955154,1473276315450,1473276315562,r,82
100097,1092310,We are down to 3 employees here in Denver.,We are down to 3 employees here in Denver.,51955156,1473276315546,1473276315674,e,69
100097,1092310,We are down to 3 employees here in Denver.,We are down to 3 employees here in Denver.,51955160,1473276315722,1473276315914, ,32
100097,1092310,We are down to 3 employees here in Denver.,We are down to 3 employees here in Denver.,51955164,1473276315882,1473276316010,d,68
100097,1092310,We are down to 3 employees here in Denver.,We are down to 3 employees here in Denver.,51955168,1473276316042,1473276316282,o,79
100097,1092310,We are down to 3 employees here in Denver.,We are down to 3 employees here in Denver.,51955208,1473276316218,1473276316346,w,87
100097,1092310,We are down to 3 employees here in Denver.,We are down to 3 employees here in Denver.,51955212,1473276316332,1473276316426,n,78
100097,1092310,We are down to 3 employees here in Denver.,We are down to 3 employees here in Denver.,51955216,1473276316554,1473276316698, ,32
100097,1092310,We are down to 3 employees here in Denver.,We are down to 3 employees here in Denver.,51955222,1473276316922,1473276317034,t,84
100097,1092310,We are down to 3 employees here in Denver.,We are down to 3 employees here in Denver.,51955229,1473276316986,1473276317082,o,79
100097,1092310,We are down to 3 employees here in Denver.,We are down to 3 employees here in Denver.,51955232,1473276317146,1473276317274, ,32
100097,1092310,We are down to 3 employees here in Denver.,We are down to 3 employees here in Denver.,51955401,1473276318026,1473276318154,3,51
100097,1092310,We are down to 3 employees here in Denver.,We are down to 3 employees here in Denver.,51955404,1473276318234,1473276318426, ,32
100097,1092310,We are down to 3 employees here in Denver.,We are down to 3 employees here in Denver.,51955408,1473276319018,1473276319146,e,69
100097,1092310,We are down to 3 employees here in Denver.,We are down to 3 employees here in Denver.,51955413,1473276319226,1473276319354,m,77
100097,1092310,We are down to 3 employees here in Denver.,We are down to 3 employees here in Denver.,51955416,1473276319514,1473276319594,p,80
100097,1092310,We are down to 3 employees here in Denver.,We are down to 3 employees here in Denver.,51955516,1473276319946,1473276320074,l,76
100097,1092310,We are down to 3 employees here in Denver.,We are down to 3 employees here in Denver.,51955522,1473276320250,1473276320362,o,79
100097,1092310,We are down to 3 employees here in Denver.,We are down to 3 employees here in Denver.,51955527,1473276320746,1473276320826,u,89
100097,1092310,We are down to 3 employees here in Denver.,We are down to 3 employees here in Denver.,51955531,1473276321018,1473276321066,e,69
100097,1092310,We are down to 3 employees here in Denver.,We are down to 3 employees here in Denver.,51955627,1473276321418,1473276321482,BKSP,8
100097,1092310,We are down to 3 employees here in Denver.,We are down to 3 employees here in Denver.,51955632,1473276321594,1473276321642,BKSP,8
100097,1092310,We are down to 3 employees here in Denver.,We are down to 3 employees here in Denver.,51955635,1473276321706,1473276321802,e,69
100097,1092310,We are down to 3 employees here in Denver.,We are down to 3 employees here in Denver.,51955641,1473276321882,1473276321994,e,69
100097,1092310,We are down to 3 employees here in Denver.,We are down to 3 employees here in Denver.,51955649,1473276322074,1473276322170,s,83
100097,1092310,We are down to 3 employees here in Denver.,We are down to 3 employees here in Denver.,51955657,1473276322282,1473276322410, ,32
100097,1092310,We are down to 3 employees here in Denver.,We are down to 3 employees here in Denver.,51955665,1473276322618,1473276322714,h,72
100097,1092310,We are down to 3 employees here in Denver.,We are down to 3 employees here in Denver.,51955703,1473276322730,1473276322905,e,69
100097,1092310,We are down to 3 employees here in Denver.,We are down to 3 employees here in Denver.,51955708,1473276322890,1473276323017,r,82
100097,1092310,We are down to 3 employees here in Denver.,We are down to 3 employees here in Denver.,51955712,1473276323018,1473276323146,e,69
100097,1092310,We are down to 3 employees here in Denver.,We are down to 3 employees here in Denver.,51955716,1473276323194,1473276323290, ,32
100097,1092310,We are down to 3 employees here in Denver.,We are down to 3 employees here in Denver.,51955721,1473276323322,1473276323482,i,73
100097,1092310,We are down to 3 employees here in Denver.,We are down to 3 employees here in Denver.,51955813,1473276323487,1473276323562,n,78
100097,1092310,We are down to 3 employees here in Denver.,We are down to 3 employees here in Denver.,51955817,1473276323610,1473276323754, ,32
100097,1092310,We are down to 3 employees here in Denver.,We are down to 3 employees here in Denver.,51955820,1473276324554,1473276324762,SHIFT,16
100097,1092310,We are down to 3 employees here in Denver.,We are down to 3 employees here in Denver.,51955823,1473276324714,1473276324826,D,68
100097,1092310,We are down to 3 employees here in Denver.,We are down to 3 employees here in Denver.,51955826,1473276324954,1473276325098,e,69
100097,1092310,We are down to 3 employees here in Denver.,We are down to 3 employees here in Denver.,51955831,1473276325146,1473276325258,n,78
100097,1092310,We are down to 3 employees here in Denver.,We are down to 3 employees here in Denver.,51955890,1473276325722,1473276325849,v,86
100097,1092310,We are down to 3 employees here in Denver.,We are down to 3 employees here in Denver.,51955896,1473276325866,1473276326090,e,69
100097,1092310,We are down to 3 employees here in Denver.,We are down to 3 employees here in Denver.,51955901,1473276326058,1473276326154,r,82
100097,1092310,We are down to 3 employees here in Denver.,We are down to 3 employees here in Denver.,51955904,1473276326394,1473276326442,/,190
100097,1092310,We are down to 3 employees here in Denver.,We are down to 3 employees here in Denver.,51956034,1473276326905,1473276327002,BKSP,8
100097,1092336,Do you know anything?,Do you know anything?,51956325,1473276332665,1473276332905,SHIFT,16
100097,1092336,Do you know anything?,Do you know anything?,51956330,1473276332858,1473276332985,D,68
100097,1092336,Do you know anything?,Do you know anything?,51956334,1473276333225,1473276333353,o,79
100097,1092336,Do you know anything?,Do you know anything?,51956339,1473276333481,1473276333577, ,32
100097,1092336,Do you know anything?,Do you know anything?,51956345,1473276333721,1473276333802,y,89
100097,1092336,Do you know anything?,Do you know anything?,51956351,1473276333833,1473276333961,o,79
100097,1092336,Do you know anything?,Do you know anything?,51956431,1473276333967,1473276334057,u,85
100097,1092336,Do you know anything?,Do you know anything?,51956432,1473276334153,1473276334281, ,32
100097,1092336,Do you know anything?,Do you know anything?,51956433,1473276334585,1473276334729,k,75
100097,1092336,Do you know anything?,Do you know anything?,51956436,1473276334825,1473276335033,n,78
100097,1092336,Do you know anything?,Do you know anything?,51956489,1473276335001,1473276335113,o,79
100097,1092336,Do you know anything?,Do you know anything?,51956493,1473276335193,1473276335353,w,87
100097,1092336,Do you know anything?,Do you know anything?,51956499,1473276335369,1473276335578, ,32
100097,1092336,Do you know anything?,Do you know anything?,51956509,1473276335690,1473276335833,a,65
100097,1092336,Do you know anything?,Do you know anything?,51956514,1473276335817,1473276335930,n,78
100097,1092336,Do you know anything?,Do you know anything?,51956518,1473276336073,1473276336169,y,89
100097,1092336,Do you know anything?,Do you know anything?,51956529,1473276336265,1473276336362, ,32
100097,1092336,Do you know anything?,Do you know anything?,51956532,1473276336362,1473276336457,t,84
100097,1092336,Do you know anything?,Do you know anything?,51956536,1473276336441,1473276336521,h,72
100097,1092336,Do you know anything?,Do you know anything?,51956538,1473276336569,1473276336714,i,73
100097,1092336,Do you know anything?,Do you know anything?,51956543,1473276336714,1473276336793,n,78
100097,1092336,Do you know anything?,Do you know anything?,51956704,1473276336825,1473276336969,g,71
100097,1092336,Do you know anything?,Do you know anything?,51956707,1473276337257,1473276337289,BKSP,8
100097,1092336,Do you know anything?,Do you know anything?,51956708,1473276337385,1473276337449,BKSP,8
100097,1092336,Do you know anything?,Do you know anything?,51956710,1473276337546,1473276337625,BKSP,8
100097,1092336,Do you know anything?,Do you know anything?,51956712,1473276337721,1473276337817,BKSP,8
100097,1092336,Do you know anything?,Do you know anything?,51956717,1473276337929,1473276338009,BKSP,8
100097,1092336,Do you know anything?,Do you know anything?,51956721,1473276338137,1473276338217,BKSP,8
100097,1092336,Do you know anything?,Do you know anything?,51956726,1473276338729,1473276338858,t,84
100097,1092336,Do you know anything?,Do you know anything?,51956731,1473276338825,1473276338937,h,72
100097,1092336,Do you know anything?,Do you know anything?,51956735,1473276338985,1473276339129,i,73
100097,1092336,Do you know anything?,Do you know anything?,51956739,1473276339146,1473276339161,n,72
100097,1092336,Do you know anything?,Do you know anything?,51956830,1473276339257,1473276339369,g,71
100097,1092336,Do you know anything?,Do you know anything?,51956837,1473276339721,1473276339753,BKSP,8
100097,1092336,Do you know anything?,Do you know anything?,51956842,1473276339881,1473276339929,BKSP,8
100097,1092336,Do you know anything?,Do you know anything?,51956847,1473276340041,1473276340121,BKSP,8
100097,1092336,Do you know anything?,Do you know anything?,51956856,1473276340313,1473276340409,n,78
100097,1092336,Do you know anything?,Do you know anything?,51956862,1473276340457,1473276340569,g,71
100097,1092336,Do you know anything?,Do you know anything?,51956869,1473276341257,1473276341469,SHIFT,16
100097,1092336,Do you know anything?,Do you know anything?,51956872,1473276341433,1473276341545,?,191
100097,1092356,Add a Star Trek convention and sports memorabilia show to the mix.,Add a Star Trek convention and sports memorablia show to the  mix.,51957075,1473276345017,1473276345209,SHIFT,16
100097,1092356,Add a Star Trek convention and sports memorabilia show to the mix.,Add a Star Trek convention and sports memorablia show to the  mix.,51957077,1473276345177,1473276345305,A,65
100097,1092356,Add a Star Trek convention and sports memorabilia show to the mix.,Add a Star Trek convention and sports memorablia show to the  mix.,51957078,1473276345449,1473276345529,d,68
100097,1092356,Add a Star Trek convention and sports memorabilia show to the mix.,Add a Star Trek convention and sports memorablia show to the  mix.,51957080,1473276345609,1473276345689,d,68
100097,1092356,Add a Star Trek convention and sports memorabilia show to the mix.,Add a Star Trek convention and sports memorablia show to the  mix.,51957082,1473276345769,1473276345881, ,32
100097,1092356,Add a Star Trek convention and sports memorabilia show to the mix.,Add a Star Trek convention and sports memorablia show to the  mix.,51957085,1473276345929,1473276346073,a,65
100097,1092356,Add a Star Trek convention and sports memorabilia show to the mix.,Add a Star Trek convention and sports memorablia show to the  mix.,51957177,1473276346121,1473276346265, ,32
100097,1092356,Add a Star Trek convention and sports memorabilia show to the mix.,Add a Star Trek convention and sports memorablia show to the  mix.,51957179,1473276346649,1473276346857,SHIFT,16
100097,1092356,Add a Star Trek convention and sports memorabilia show to the mix.,Add a Star Trek convention and sports memorablia show to the  mix.,51957183,1473276346777,1473276347017,S,83
100097,1092356,Add a Star Trek convention and sports memorabilia show to the mix.,Add a Star Trek convention and sports memorablia show to the  mix.,51957185,1473276347001,1473276347145,t,84
100097,1092356,Add a Star Trek convention and sports memorabilia show to the mix.,Add a Star Trek convention and sports memorablia show to the  mix.,51957187,1473276347225,1473276347417,a,65
100097,1092356,Add a Star Trek convention and sports memorabilia show to the mix.,Add a Star Trek convention and sports memorablia show to the  mix.,51957298,1473276347401,1473276347497,r,82
100097,1092356,Add a Star Trek convention and sports memorabilia show to the mix.,Add a Star Trek convention and sports memorablia show to the  mix.,51957300,1473276347593,1473276347737, ,32
100097,1092356,Add a Star Trek convention and sports memorabilia show to the mix.,Add a Star Trek convention and sports memorablia show to the  mix.,51957303,1473276348473,1473276348665,SHIFT,16
100097,1092356,Add a Star Trek convention and sports memorabilia show to the mix.,Add a Star Trek convention and sports memorablia show to the  mix.,51957306,1473276348569,1473276348713,T,84
100097,1092356,Add a Star Trek convention and sports memorabilia show to the mix.,Add a Star Trek convention and sports memorablia show to the  mix.,51957307,1473276348889,1473276349017,r,82
100097,1092356,Add a Star Trek convention and sports memorabilia show to the mix.,Add a Star Trek convention and sports memorablia show to the  mix.,51957308,1473276349033,1473276349145,e,69
100097,1092356,Add a Star Trek convention and sports memorabilia show to the mix.,Add a Star Trek convention and sports memorablia show to the  mix.,51957309,1473276349308,1473276349385,k,75
100097,1092356,Add a Star Trek convention and sports memorabilia show to the mix.,Add a Star Trek convention and sports memorablia show to the  mix.,51957368,1473276349529,1473276349625, ,32
100097,1092356,Add a Star Trek convention and sports memorabilia show to the mix.,Add a Star Trek convention and sports memorablia show to the  mix.,51957369,1473276349897,1473276350009,c,67
100097,1092356,Add a Star Trek convention and sports memorabilia show to the mix.,Add a Star Trek convention and sports memorablia show to the  mix.,51957371,1473276350041,1473276350217,o,79
100097,1092356,Add a Star Trek convention and sports memorabilia show to the mix.,Add a Star Trek convention and sports memorablia show to the  mix.,51957373,1473276350218,1473276350297,n,78
100097,1092356,Add a Star Trek convention and sports memorabilia show to the mix.,Add a Star Trek convention and sports memorablia show to the  mix.,51957374,1473276350537,1473276350665,v,86
100097,1092356,Add a Star Trek convention and sports memorabilia show to the mix.,Add a Star Trek convention and sports memorablia show to the  mix.,51957402,1473276350697,1473276350873,e,69
100097,1092356,Add a Star Trek convention and sports memorabilia show to the mix.,Add a Star Trek convention and sports memorablia show to the  mix.,51957403,1473276350841,1473276350969,n,78
100097,1092356,Add a Star Trek convention and sports memorabilia show to the mix.,Add a Star Trek convention and sports memorablia show to the  mix.,51957405,1473276350937,1473276351049,t,84
100097,1092356,Add a Star Trek convention and sports memorabilia show to the mix.,Add a Star Trek convention and sports memorablia show to the  mix.,51957408,1473276351065,1473276351177,i,73
100097,1092356,Add a Star Trek convention and sports memorabilia show to the mix.,Add a Star Trek convention and sports memorablia show to the  mix.,51957411,1473276351257,1473276351385,o,79
100097,1092356,Add a Star Trek convention and sports memorabilia show to the mix.,Add a Star Trek convention and sports memorablia show to the  mix.,51957447,1473276351337,1473276351481,n,78
100097,1092356,Add a Star Trek convention and sports memorabilia show to the mix.,Add a Star Trek convention and sports memorablia show to the  mix.,51957452,1473276351561,1473276351657, ,32
100097,1092356,Add a Star Trek convention and sports memorabilia show to the mix.,Add a Star Trek convention and sports memorablia show to the  mix.,51957458,1473276352057,1473276352201,a,65
100097,1092356,Add a Star Trek convention and sports memorabilia show to the mix.,Add a Star Trek convention and sports memorablia show to the  mix.,51957462,1473276352153,1473276352249,n,78
100097,1092356,Add a Star Trek convention and sports memorabilia show to the mix.,Add a Star Trek convention and sports memorablia show to the  mix.,51957467,1473276352297,1473276352377,d,68
100097,1092356,Add a Star Trek convention and sports memorabilia show to the mix.,Add a Star Trek convention and sports memorablia show to the  mix.,51957472,1473276352425,1473276352537, ,32
100097,1092356,Add a Star Trek convention and sports memorabilia show to the mix.,Add a Star Trek convention and sports memorablia show to the  mix.,51957494,1473276352617,1473276352793,s,83
100097,1092356,Add a Star Trek convention and sports memorabilia show to the mix.,Add a Star Trek convention and sports memorablia show to the  mix.,51957497,1473276352794,1473276352953,p,80
100097,1092356,Add a Star Trek convention and sports memorabilia show to the mix.,Add a Star Trek convention and sports memorablia show to the  mix.,51957501,1473276353113,1473276353225,o,79
100097,1092356,Add a Star Trek convention and sports memorabilia show to the mix.,Add a Star Trek convention and sports memorablia show to the  mix.,51957505,1473276353289,1473276353401,r,82
100097,1092356,Add a Star Trek convention and sports memorabilia show to the mix.,Add a Star Trek convention and sports memorablia show to the  mix.,51957509,1473276353513,1473276353609,t,84
100097,1092356,Add a Star Trek convention and sports memorabilia show to the mix.,Add a Star Trek convention and sports memorablia show to the  mix.,51957559,1473276353689,1473276353833,s,83
100097,1092356,Add a Star Trek convention and sports memorabilia show to the mix.,Add a Star Trek convention and sports memorablia show to the  mix.,51957562,1473276353897,1473276354009, ,32
100097,1092356,Add a Star Trek convention and sports memorabilia show to the mix.,Add a Star Trek convention and sports memorablia show to the  mix.,51957565,1473276354505,1473276354601,m,77
100097,1092356,Add a Star Trek convention and sports memorabilia show to the mix.,Add a Star Trek convention and sports memorablia show to the  mix.,51957568,1473276354649,1473276354745,e,69
100097,1092356,Add a Star Trek convention and sports memorabilia show to the mix.,Add a Star Trek convention and sports memorablia show to the  mix.,51957572,1473276354746,1473276354841,m,77
100097,1092356,Add a Star Trek convention and sports memorabilia show to the mix.,Add a Star Trek convention and sports memorablia show to the  mix.,51957693,1473276355049,1473276355209,o,79
100097,1092356,Add a Star Trek convention and sports memorabilia show to the mix.,Add a Star Trek convention and sports memorablia show to the  mix.,51957698,1473276355257,1473276355337,u,85
100097,1092356,Add a Star Trek convention and sports memorabilia show to the mix.,Add a Star Trek convention and sports memorablia show to the  mix.,51957702,1473276355401,1473276355513,r,82
100097,1092356,Add a Star Trek convention and sports memorabilia show to the mix.,Add a Star Trek convention and sports memorablia show to the  mix.,51957704,1473276355849,1473276355913,BKSP,8
100097,1092356,Add a Star Trek convention and sports memorabilia show to the mix.,Add a Star Trek convention and sports memorablia show to the  mix.,51957706,1473276356041,1473276356105,BKSP,8
100097,1092356,Add a Star Trek convention and sports memorabilia show to the mix.,Add a Star Trek convention and sports memorablia show to the  mix.,51957708,1473276356281,1473276356393,r,82
100097,1092356,Add a Star Trek convention and sports memorabilia show to the mix.,Add a Star Trek convention and sports memorablia show to the  mix.,51957711,1473276356425,1473276356537,a,65
100097,1092356,Add a Star Trek convention and sports memorabilia show to the mix.,Add a Star Trek convention and sports memorablia show to the  mix.,51957768,1473276356585,1473276356681,b,66
100097,1092356,Add a Star Trek convention and sports memorabilia show to the mix.,Add a Star Trek convention and sports memorablia show to the  mix.,51957770,1473276356777,1473276356889,l,76
100097,1092356,Add a Star Trek convention and sports memorabilia show to the mix.,Add a Star Trek convention and sports memorablia show to the  mix.,51957771,1473276357465,1473276357705,l,76
100097,1092356,Add a Star Trek convention and sports memorabilia show to the mix.,Add a Star Trek convention and sports memorablia show to the  mix.,51957772,1473276357657,1473276357753,i,73
100097,1092356,Add a Star Trek convention and sports memorabilia show to the mix.,Add a Star Trek convention and sports memorablia show to the  mix.,51957773,1473276357849,1473276357993,a,65
100097,1092356,Add a Star Trek convention and sports memorabilia show to the mix.,Add a Star Trek convention and sports memorablia show to the  mix.,51957971,1473276358009,1473276358137, ,32
100097,1092356,Add a Star Trek convention and sports memorabilia show to the mix.,Add a Star Trek convention and sports memorablia show to the  mix.,51957975,1473276359129,1473276359193,BKSP,8
100097,1092356,Add a Star Trek convention and sports memorabilia show to the mix.,Add a Star Trek convention and sports memorablia show to the  mix.,51957980,1473276359321,1473276359369,BKSP,8
100097,1092356,Add a Star Trek convention and sports memorabilia show to the mix.,Add a Star Trek convention and sports memorablia show to the  mix.,51957986,1473276359513,1473276359593,BKSP,8
100097,1092356,Add a Star Trek convention and sports memorabilia show to the mix.,Add a Star Trek convention and sports memorablia show to the  mix.,51957992,1473276359753,1473276359849,BKSP,8
100097,1092356,Add a Star Trek convention and sports memorabilia show to the mix.,Add a Star Trek convention and sports memorablia show to the  mix.,51958000,1473276360201,1473276360281,i,73
100097,1092356,Add a Star Trek convention and sports memorabilia show to the mix.,Add a Star Trek convention and sports memorablia show to the  mix.,51958009,1473276360425,1473276360569,a,65
100097,1092356,Add a Star Trek convention and sports memorabilia show to the mix.,Add a Star Trek convention and sports memorablia show to the  mix.,51958014,1473276360601,1473276360729, ,32
100097,1092356,Add a Star Trek convention and sports memorabilia show to the mix.,Add a Star Trek convention and sports memorablia show to the  mix.,51958018,1473276361049,1473276361177,s,83
100097,1092356,Add a Star Trek convention and sports memorabilia show to the mix.,Add a Star Trek convention and sports memorablia show to the  mix.,51958031,1473276361182,1473276361321,h,72
100097,1092356,Add a Star Trek convention and sports memorabilia show to the mix.,Add a Star Trek convention and sports memorablia show to the  mix.,51958034,1473276361322,1473276361465,o,79
100097,1092356,Add a Star Trek convention and sports memorabilia show to the mix.,Add a Star Trek convention and sports memorablia show to the  mix.,51958039,1473276361529,1473276361657,w,87
100097,1092356,Add a Star Trek convention and sports memorabilia show to the mix.,Add a Star Trek convention and sports memorablia show to the  mix.,51958044,1473276361673,1473276361801, ,32
100097,1092356,Add a Star Trek convention and sports memorabilia show to the mix.,Add a Star Trek convention and sports memorablia show to the  mix.,51958049,1473276361993,1473276362121,t,84
100097,1092356,Add a Star Trek convention and sports memorabilia show to the mix.,Add a Star Trek convention and sports memorablia show to the  mix.,51958068,1473276362057,1473276362153,o,79
100097,1092356,Add a Star Trek convention and sports memorabilia show to the mix.,Add a Star Trek convention and sports memorablia show to the  mix.,51958069,1473276362201,1473276362313, ,32
100097,1092356,Add a Star Trek convention and sports memorabilia show to the mix.,Add a Star Trek convention and sports memorablia show to the  mix.,51958070,1473276362314,1473276362425,t,84
100097,1092356,Add a Star Trek convention and sports memorabilia show to the mix.,Add a Star Trek convention and sports memorablia show to the  mix.,51958071,1473276362393,1473276362489,h,72
100097,1092356,Add a Star Trek convention and sports memorabilia show to the mix.,Add a Star Trek convention and sports memorablia show to the  mix.,51958072,1473276362490,1473276362569,e,69
100097,1092356,Add a Star Trek convention and sports memorabilia show to the mix.,Add a Star Trek convention and sports memorablia show to the  mix.,51958074,1473276362601,1473276362745, ,32
100097,1092356,Add a Star Trek convention and sports memorabilia show to the mix.,Add a Star Trek convention and sports memorablia show to the  mix.,51958167,1473276362793,1473276362809, ,32
100097,1092356,Add a Star Trek convention and sports memorabilia show to the mix.,Add a Star Trek convention and sports memorablia show to the  mix.,51958173,1473276362841,1473276362905,",",77
100097,1092356,Add a Star Trek convention and sports memorabilia show to the mix.,Add a Star Trek convention and sports memorablia show to the  mix.,51958178,1473276363385,1473276363449,BKSP,8
100097,1092356,Add a Star Trek convention and sports memorabilia show to the mix.,Add a Star Trek convention and sports memorablia show to the  mix.,51958181,1473276363833,1473276363945,e,69
100097,1092356,Add a Star Trek convention and sports memorabilia show to the mix.,Add a Star Trek convention and sports memorablia show to the  mix.,51958188,1473276364361,1473276364409,BKSP,8
100097,1092356,Add a Star Trek convention and sports memorabilia show to the mix.,Add a Star Trek convention and sports memorablia show to the  mix.,51958193,1473276364649,1473276364729,i,73
100097,1092356,Add a Star Trek convention and sports memorabilia show to the mix.,Add a Star Trek convention and sports memorablia show to the  mix.,51958336,1473276364937,1473276365017,m,77
100097,1092356,Add a Star Trek convention and sports memorabilia show to the mix.,Add a Star Trek convention and sports memorablia show to the  mix.,51958341,1473276365337,1473276365417,BKSP,8
100097,1092356,Add a Star Trek convention and sports memorabilia show to the mix.,Add a Star Trek convention and sports memorablia show to the  mix.,51958350,1473276365481,1473276365625,s,83
100097,1092356,Add a Star Trek convention and sports memorabilia show to the mix.,Add a Star Trek convention and sports memorablia show to the  mix.,51958356,1473276366105,1473276366185,BKSP,8
100097,1092356,Add a Star Trek convention and sports memorabilia show to the mix.,Add a Star Trek convention and sports memorablia show to the  mix.,51958363,1473276366409,1473276366521,x,88
100097,1092356,Add a Star Trek convention and sports memorabilia show to the mix.,Add a Star Trek convention and sports memorablia show to the  mix.,51958372,1473276367593,1473276367641,.,190
100097,1092388,Surely we can cover this from within Virgo's team?,Surely we can cover this from within Virgo's team?,51958595,1473276371305,1473276371481,SHIFT,16
100097,1092388,Surely we can cover this from within Virgo's team?,Surely we can cover this from within Virgo's team?,51958597,1473276371433,1473276371593,S,83
100097,1092388,Surely we can cover this from within Virgo's team?,Surely we can cover this from within Virgo's team?,51958601,1473276371833,1473276371945,u,85
100097,1092388,Surely we can cover this from within Virgo's team?,Surely we can cover this from within Virgo's team?,51958603,1473276371977,1473276372089,r,82
100097,1092388,Surely we can cover this from within Virgo's team?,Surely we can cover this from within Virgo's team?,51958606,1473276372217,1473276372345,e,69
100097,1092388,Surely we can cover this from within Virgo's team?,Surely we can cover this from within Virgo's team?,51958609,1473276372489,1473276372601,l,76
100097,1092388,Surely we can cover this from within Virgo's team?,Surely we can cover this from within Virgo's team?,51958665,1473276372681,1473276372761,y,89
100097,1092388,Surely we can cover this from within Virgo's team?,Surely we can cover this from within Virgo's team?,51958667,1473276372889,1473276373017, ,32
100097,1092388,Surely we can cover this from within Virgo's team?,Surely we can cover this from within Virgo's team?,51958669,1473276373289,1473276373449,w,87
100097,1092388,Surely we can cover this from within Virgo's team?,Surely we can cover this from within Virgo's team?,51958671,1473276373450,1473276373577,e,69
100097,1092388,Surely we can cover this from within Virgo's team?,Surely we can cover this from within Virgo's team?,51958673,1473276373625,1473276373785, ,32
100097,1092388,Surely we can cover this from within Virgo's team?,Surely we can cover this from within Virgo's team?,51958786,1473276373913,1473276374073,c,67
100097,1092388,Surely we can cover this from within Virgo's team?,Surely we can cover this from within Virgo's team?,51958790,1473276374074,1473276374201,a,65
100097,1092388,Surely we can cover this from within Virgo's team?,Surely we can cover this from within Virgo's team?,51958795,1473276374217,1473276374297,b,66
100097,1092388,Surely we can cover this from within Virgo's team?,Surely we can cover this from within Virgo's team?,51958800,1473276374409,1473276374553, ,32
100097,1092388,Surely we can cover this from within Virgo's team?,Surely we can cover this from within Virgo's team?,51958802,1473276374921,1473276374969,BKSP,8
100097,1092388,Surely we can cover this from within Virgo's team?,Surely we can cover this from within Virgo's team?,51958805,1473276375081,1473276375145,BKSP,8
100097,1092388,Surely we can cover this from within Virgo's team?,Surely we can cover this from within Virgo's team?,51958809,1473276375993,1473276376073,n,78
100097,1092388,Surely we can cover this from within Virgo's team?,Surely we can cover this from within Virgo's team?,51958903,1473276376297,1473276376393, ,32
100097,1092388,Surely we can cover this from within Virgo's team?,Surely we can cover this from within Virgo's team?,51958905,1473276376969,1473276377129,c,67
100097,1092388,Surely we can cover this from within Virgo's team?,Surely we can cover this from within Virgo's team?,51958910,1473276377113,1473276377209,o,79
100097,1092388,Surely we can cover this from within Virgo's team?,Surely we can cover this from within Virgo's team?,51958912,1473276377369,1473276377513,v,86
100097,1092388,Surely we can cover this from within Virgo's team?,Surely we can cover this from within Virgo's team?,51958914,1473276377545,1473276377785,e,69
100097,1092388,Surely we can cover this from within Virgo's team?,Surely we can cover this from within Virgo's team?,51958939,1473276377753,1473276377849,r,82
100097,1092388,Surely we can cover this from within Virgo's team?,Surely we can cover this from within Virgo's team?,51958941,1473276377993,1473276378137, ,32
100097,1092388,Surely we can cover this from within Virgo's team?,Surely we can cover this from within Virgo's team?,51958945,1473276378201,1473276378329,t,84
100097,1092388,Surely we can cover this from within Virgo's team?,Surely we can cover this from within Virgo's team?,51958948,1473276378297,1473276378393,h,72
100097,1092388,Surely we can cover this from within Virgo's team?,Surely we can cover this from within Virgo's team?,51958952,1473276378441,1473276378553,i,73
100097,1092388,Surely we can cover this from within Virgo's team?,Surely we can cover this from within Virgo's team?,51958956,1473276378617,1473276378745,s,83
100097,1092388,Surely we can cover this from within Virgo's team?,Surely we can cover this from within Virgo's team?,51959003,1473276378729,1473276378857, ,32
100097,1092388,Surely we can cover this from within Virgo's team?,Surely we can cover this from within Virgo's team?,51959008,1473276379017,1473276379129,f,70
100097,1092388,Surely we can cover this from within Virgo's team?,Surely we can cover this from within Virgo's team?,51959012,1473276379241,1473276379385,r,82
100097,1092388,Surely we can cover this from within Virgo's team?,Surely we can cover this from within Virgo's team?,51959016,1473276379401,1473276379480,o,79
100097,1092388,Surely we can cover this from within Virgo's team?,Surely we can cover this from within Virgo's team?,51959020,1473276379608,1473276379672,m,77
100097,1092388,Surely we can cover this from within Virgo's team?,Surely we can cover this from within Virgo's team?,51959023,1473276379768,1473276379900, ,32
100097,1092388,Surely we can cover this from within Virgo's team?,Surely we can cover this from within Virgo's team?,51959067,1473276380361,1473276380505,w,87
100097,1092388,Surely we can cover this from within Virgo's team?,Surely we can cover this from within Virgo's team?,51959070,1473276380553,1473276380649,i,73
100097,1092388,Surely we can cover this from within Virgo's team?,Surely we can cover this from within Virgo's team?,51959073,1473276380777,1473276380905,t,84
100097,1092388,Surely we can cover this from within Virgo's team?,Surely we can cover this from within Virgo's team?,51959078,1473276380841,1473276380937,h,72
100097,1092388,Surely we can cover this from within Virgo's team?,Surely we can cover this from within Virgo's team?,51959080,1473276381017,1473276381161,i,73
100097,1092388,Surely we can cover this from within Virgo's team?,Surely we can cover this from within Virgo's team?,51959200,1473276381193,1473276381257,n,78
100097,1092388,Surely we can cover this from within Virgo's team?,Surely we can cover this from within Virgo's team?,51959202,1473276381369,1473276381497, ,32
100097,1092388,Surely we can cover this from within Virgo's team?,Surely we can cover this from within Virgo's team?,51959210,1473276381913,1473276382409,SHIFT,16
100097,1092388,Surely we can cover this from within Virgo's team?,Surely we can cover this from within Virgo's team?,51959216,1473276382265,1473276382425,V,86
100097,1092388,Surely we can cover this from within Virgo's team?,Surely we can cover this from within Virgo's team?,51959220,1473276382745,1473276382841,i,73
100097,1092388,Surely we can cover this from within Virgo's team?,Surely we can cover this from within Virgo's team?,51959224,1473276382873,1473276383033,g,71
100097,1092388,Surely we can cover this from within Virgo's team?,Surely we can cover this from within Virgo's team?,51959307,1473276383353,1473276383433,BKSP,8
100097,1092388,Surely we can cover this from within Virgo's team?,Surely we can cover this from within Virgo's team?,51959310,1473276383497,1473276383657,r,82
100097,1092388,Surely we can cover this from within Virgo's team?,Surely we can cover this from within Virgo's team?,51959312,1473276383817,1473276383945,g,71
100097,1092388,Surely we can cover this from within Virgo's team?,Surely we can cover this from within Virgo's team?,51959314,1473276383945,1473276384041,o,79
100097,1092388,Surely we can cover this from within Virgo's team?,Surely we can cover this from within Virgo's team?,51959317,1473276384505,1473276384617,',222
100097,1092388,Surely we can cover this from within Virgo's team?,Surely we can cover this from within Virgo's team?,51959322,1473276384697,1473276384857,s,83
100097,1092388,Surely we can cover this from within Virgo's team?,Surely we can cover this from within Virgo's team?,51959387,1473276384862,1473276384985, ,32
100097,1092388,Surely we can cover this from within Virgo's team?,Surely we can cover this from within Virgo's team?,51959389,1473276385577,1473276385673,t,84
100097,1092388,Surely we can cover this from within Virgo's team?,Surely we can cover this from within Virgo's team?,51959390,1473276385833,1473276386041,e,69
100097,1092388,Surely we can cover this from within Virgo's team?,Surely we can cover this from within Virgo's team?,51959392,1473276386073,1473276386217,a,65
100097,1092388,Surely we can cover this from within Virgo's team?,Surely we can cover this from within Virgo's team?,51959393,1473276386345,1473276386441,m,77
100097,1092388,Surely we can cover this from within Virgo's team?,Surely we can cover this from within Virgo's team?,51959451,1473276387129,1473276387385,SHIFT,16
100097,1092388,Surely we can cover this from within Virgo's team?,Surely we can cover this from within Virgo's team?,51959455,1473276387369,1473276387497,?,191
100097,1092413,He was recognized in his field as a pioneer.,He was recognized in his field as a pioneer.,51959790,1473276391160,1473276391480,SHIFT,16
100097,1092413,He was recognized in his field as a pioneer.,He was recognized in his field as a pioneer.,51959789,1473276391320,1473276391432,H,72
100097,1092413,He was recognized in his field as a pioneer.,He was recognized in his field as a pioneer.,51959791,1473276391464,1473276391624,E,69
100097,1092413,He was recognized in his field as a pioneer.,He was recognized in his field as a pioneer.,51959792,1473276391688,1473276391896, ,32
100097,1092413,He was recognized in his field as a pioneer.,He was recognized in his field as a pioneer.,51959793,1473276392649,1473276392713,BKSP,8
100097,1092413,He was recognized in his field as a pioneer.,He was recognized in his field as a pioneer.,51959794,1473276392793,1473276392873,BKSP,8
100097,1092413,He was recognized in his field as a pioneer.,He was recognized in his field as a pioneer.,51959796,1473276392904,1473276393064,w,87
100097,1092413,He was recognized in his field as a pioneer.,He was recognized in his field as a pioneer.,51959798,1473276393081,1473276393208, ,32
100097,1092413,He was recognized in his field as a pioneer.,He was recognized in his field as a pioneer.,51959888,1473276393561,1473276393641,BKSP,8
100097,1092413,He was recognized in his field as a pioneer.,He was recognized in his field as a pioneer.,51959893,1473276393657,1473276393784,e,69
100097,1092413,He was recognized in his field as a pioneer.,He was recognized in his field as a pioneer.,51959899,1473276393864,1473276393960, ,32
100097,1092413,He was recognized in his field as a pioneer.,He was recognized in his field as a pioneer.,51959903,1473276394120,1473276394184,BKSP,8
100097,1092413,He was recognized in his field as a pioneer.,He was recognized in his field as a pioneer.,51959909,1473276394280,1473276394376,BKSP,8
100097,1092413,He was recognized in his field as a pioneer.,He was recognized in his field as a pioneer.,51959914,1473276394440,1473276394616,e,69
100097,1092413,He was recognized in his field as a pioneer.,He was recognized in his field as a pioneer.,51959921,1473276394808,1473276394872,BKSP,8
100097,1092413,He was recognized in his field as a pioneer.,He was recognized in his field as a pioneer.,51959929,1473276394952,1473276395032,BKSP,8
100097,1092413,He was recognized in his field as a pioneer.,He was recognized in his field as a pioneer.,51959936,1473276395096,1473276395208,e,69
100097,1092413,He was recognized in his field as a pioneer.,He was recognized in his field as a pioneer.,51959945,1473276395240,1473276395336, ,32
100097,1092413,He was recognized in his field as a pioneer.,He was recognized in his field as a pioneer.,51960006,1473276395656,1473276395800,w,87
100097,1092413,He was recognized in his field as a pioneer.,He was recognized in his field as a pioneer.,51960010,1473276395880,1473276396040,a,65
100097,1092413,He was recognized in his field as a pioneer.,He was recognized in his field as a pioneer.,51960017,1473276396040,1473276396168,s,83
100097,1092413,He was recognized in his field as a pioneer.,He was recognized in his field as a pioneer.,51960026,1473276396216,1473276396360, ,32
100097,1092413,He was recognized in his field as a pioneer.,He was recognized in his field as a pioneer.,51960033,1473276396779,1473276396920,r,82
100097,1092413,He was recognized in his field as a pioneer.,He was recognized in his field as a pioneer.,51960125,1473276396936,1473276397112,e,69
100097,1092413,He was recognized in his field as a pioneer.,He was recognized in his field as a pioneer.,51960133,1473276397113,1473276397225,c,67
100097,1092413,He was recognized in his field as a pioneer.,He was recognized in his field as a pioneer.,51960140,1473276397304,1473276397433,o,79
100097,1092413,He was recognized in his field as a pioneer.,He was recognized in his field as a pioneer.,51960145,1473276397497,1473276397592,g,71
100097,1092413,He was recognized in his field as a pioneer.,He was recognized in his field as a pioneer.,51960148,1473276398809,1473276398969,n,78
100097,1092413,He was recognized in his field as a pioneer.,He was recognized in his field as a pioneer.,51960260,1473276398974,1473276399065,i,73
100097,1092413,He was recognized in his field as a pioneer.,He was recognized in his field as a pioneer.,51960262,1473276399801,1473276399977,z,90
100097,1092413,He was recognized in his field as a pioneer.,He was recognized in his field as a pioneer.,51960264,1473276400009,1473276400121,e,69
100097,1092413,He was recognized in his field as a pioneer.,He was recognized in his field as a pioneer.,51960266,1473276400233,1473276400329,d,68
100097,1092413,He was recognized in his field as a pioneer.,He was recognized in his field as a pioneer.,51960268,1473276400457,1473276400569, ,32
100097,1092413,He was recognized in his field as a pioneer.,He was recognized in his field as a pioneer.,51960314,1473276400681,1473276400825,i,73
100097,1092413,He was recognized in his field as a pioneer.,He was recognized in his field as a pioneer.,51960317,1473276400841,1473276400921,n,78
100097,1092413,He was recognized in his field as a pioneer.,He was recognized in his field as a pioneer.,51960320,1473276400969,1473276401049,t,84
100097,1092413,He was recognized in his field as a pioneer.,He was recognized in his field as a pioneer.,51960324,1473276401017,1473276401096, ,32
100097,1092413,He was recognized in his field as a pioneer.,He was recognized in his field as a pioneer.,51960325,1473276401385,1473276401433,BKSP,8
100097,1092413,He was recognized in his field as a pioneer.,He was recognized in his field as a pioneer.,51960326,1473276401529,1473276401609,BKSP,8
100097,1092413,He was recognized in his field as a pioneer.,He was recognized in his field as a pioneer.,51960328,1473276401736,1473276401816, ,32
100097,1092413,He was recognized in his field as a pioneer.,He was recognized in his field as a pioneer.,51960411,1473276401992,1473276402088,h,72
100097,1092413,He was recognized in his field as a pioneer.,He was recognized in his field as a pioneer.,51960415,1473276402137,1473276402248,i,73
100097,1092413,He was recognized in his field as a pioneer.,He was recognized in his field as a pioneer.,51960421,1473276402360,1473276402472, ,32
100097,1092413,He was recognized in his field as a pioneer.,He was recognized in his field as a pioneer.,51960426,1473276402392,1473276402600,s,83
100097,1092413,He was recognized in his field as a pioneer.,He was recognized in his field as a pioneer.,51960431,1473276403032,1473276403080,BKSP,8
100097,1092413,He was recognized in his field as a pioneer.,He was recognized in his field as a pioneer.,51960437,1473276403160,1473276403240,BKSP,8
100097,1092413,He was recognized in his field as a pioneer.,He was recognized in his field as a pioneer.,51960446,1473276403337,1473276403481,s,83
100097,1092413,He was recognized in his field as a pioneer.,He was recognized in his field as a pioneer.,51960509,1473276403486,1473276403624, ,32
100097,1092413,He was recognized in his field as a pioneer.,He was recognized in his field as a pioneer.,51960511,1473276403865,1473276403993,f,70
100097,1092413,He was recognized in his field as a pioneer.,He was recognized in his field as a pioneer.,51960514,1473276404057,1473276404120,i,73
100097,1092413,He was recognized in his field as a pioneer.,He was recognized in his field as a pioneer.,51960518,1473276404585,1473276404729,e,69
100097,1092413,He was recognized in his field as a pioneer.,He was recognized in his field as a pioneer.,51960523,1473276404744,1473276404873,l,76
100097,1092413,He was recognized in his field as a pioneer.,He was recognized in his field as a pioneer.,51960593,1473276404888,1473276405017,s,83
100097,1092413,He was recognized in his field as a pioneer.,He was recognized in his field as a pioneer.,51960597,1473276405289,1473276405353,BKSP,8
100097,1092413,He was recognized in his field as a pioneer.,He was recognized in his field as a pioneer.,51960600,1473276405417,1473276405529,d,68
100097,1092413,He was recognized in his field as a pioneer.,He was recognized in his field as a pioneer.,51960605,1473276405545,1473276405689, ,32
100097,1092413,He was recognized in his field as a pioneer.,He was recognized in his field as a pioneer.,51960609,1473276405913,1473276406056,a,65
100097,1092413,He was recognized in his field as a pioneer.,He was recognized in his field as a pioneer.,51960613,1473276406057,1473276406184,s,83
100097,1092413,He was recognized in his field as a pioneer.,He was recognized in his field as a pioneer.,51960755,1473276406297,1473276406440,a,65
100097,1092413,He was recognized in his field as a pioneer.,He was recognized in his field as a pioneer.,51960758,1473276406553,1473276406617, ,32
100097,1092413,He was recognized in his field as a pioneer.,He was recognized in his field as a pioneer.,51960764,1473276406905,1473276406969,BKSP,8
100097,1092413,He was recognized in his field as a pioneer.,He was recognized in his field as a pioneer.,51960771,1473276407049,1473276407129,BKSP,8
100097,1092413,He was recognized in his field as a pioneer.,He was recognized in his field as a pioneer.,51960776,1473276407177,1473276407337,a,65
100097,1092413,He was recognized in his field as a pioneer.,He was recognized in his field as a pioneer.,51960783,1473276407369,1473276407497, ,32
100097,1092413,He was recognized in his field as a pioneer.,He was recognized in his field as a pioneer.,51960788,1473276407897,1473276407961,BKSP,8
100097,1092413,He was recognized in his field as a pioneer.,He was recognized in his field as a pioneer.,51960791,1473276408041,1473276408121,BKSP,8
100097,1092413,He was recognized in his field as a pioneer.,He was recognized in his field as a pioneer.,51960794,1473276408297,1473276408377, ,32
100097,1092413,He was recognized in his field as a pioneer.,He was recognized in his field as a pioneer.,51960899,1473276408504,1473276408664,a,65
100097,1092413,He was recognized in his field as a pioneer.,He was recognized in his field as a pioneer.,51960904,1473276408713,1473276408841, ,32
100097,1092413,He was recognized in his field as a pioneer.,He was recognized in his field as a pioneer.,51960908,1473276409129,1473276409225,p,80
100097,1092413,He was recognized in his field as a pioneer.,He was recognized in his field as a pioneer.,51960912,1473276409352,1473276409449,o,79
100097,1092413,He was recognized in his field as a pioneer.,He was recognized in his field as a pioneer.,51960915,1473276409913,1473276409961,BKSP,8
100097,1092413,He was recognized in his field as a pioneer.,He was recognized in his field as a pioneer.,51960916,1473276410249,1473276410361,i,73
100097,1092413,He was recognized in his field as a pioneer.,He was recognized in his field as a pioneer.,51960994,1473276410409,1473276410569,o,79
100097,1092413,He was recognized in his field as a pioneer.,He was recognized in his field as a pioneer.,51961000,1473276410569,1473276410664,n,78
100097,1092413,He was recognized in his field as a pioneer.,He was recognized in his field as a pioneer.,51961012,1473276410841,1473276410952,e,69
100097,1092413,He was recognized in his field as a pioneer.,He was recognized in his field as a pioneer.,51961022,1473276411017,1473276411129,e,69
100097,1092413,He was recognized in his field as a pioneer.,He was recognized in his field as a pioneer.,51961032,1473276411449,1473276411593,r,82
100097,1092413,He was recognized in his field as a pioneer.,He was recognized in his field as a pioneer.,51961209,1473276412057,1473276412136,/,190
100097,1092413,He was recognized in his field as a pioneer.,He was recognized in his field as a pioneer.,51961215,1473276412568,1473276412649,\,220
100097,1092413,He was recognized in his field as a pioneer.,He was recognized in his field as a pioneer.,51961224,1473276412921,1473276412969,BKSP,8
100097,1092413,He was recognized in his field as a pioneer.,He was recognized in his field as a pioneer.,51961228,1473276413128,1473276413208,BKSP,8
100097,1092459,"You can't bench Martin, no matter how bad the matchup may be.","You can't bech Martin, no matter how bad the matchup may be.",51961616,1473276416936,1473276417144,SHIFT,16
100097,1092459,"You can't bench Martin, no matter how bad the matchup may be.","You can't bech Martin, no matter how bad the matchup may be.",51961620,1473276417112,1473276417224,Y,89
100097,1092459,"You can't bench Martin, no matter how bad the matchup may be.","You can't bech Martin, no matter how bad the matchup may be.",51961626,1473276417608,1473276417753,o,79
100097,1092459,"You can't bench Martin, no matter how bad the matchup may be.","You can't bech Martin, no matter how bad the matchup may be.",51961630,1473276417753,1473276417832,u,85
100097,1092459,"You can't bench Martin, no matter how bad the matchup may be.","You can't bech Martin, no matter how bad the matchup may be.",51961636,1473276417944,1473276418072, ,32
100097,1092459,"You can't bench Martin, no matter how bad the matchup may be.","You can't bech Martin, no matter how bad the matchup may be.",51961642,1473276418152,1473276418264,c,67
100097,1092459,"You can't bench Martin, no matter how bad the matchup may be.","You can't bech Martin, no matter how bad the matchup may be.",51961779,1473276418761,1473276418889,a,65
100097,1092459,"You can't bench Martin, no matter how bad the matchup may be.","You can't bech Martin, no matter how bad the matchup may be.",51961782,1473276418889,1473276419016,n,78
100097,1092459,"You can't bench Martin, no matter how bad the matchup may be.","You can't bech Martin, no matter how bad the matchup may be.",51961787,1473276419752,1473276419928,',222
100097,1092459,"You can't bench Martin, no matter how bad the matchup may be.","You can't bech Martin, no matter how bad the matchup may be.",51961791,1473276420200,1473276420328,t,84
100097,1092459,"You can't bench Martin, no matter how bad the matchup may be.","You can't bech Martin, no matter how bad the matchup may be.",51961798,1473276420456,1473276420584, ,32
100097,1092459,"You can't bench Martin, no matter how bad the matchup may be.","You can't bech Martin, no matter how bad the matchup may be.",51961963,1473276420984,1473276421112,b,66
100097,1092459,"You can't bench Martin, no matter how bad the matchup may be.","You can't bech Martin, no matter how bad the matchup may be.",51961968,1473276421160,1473276421336,e,69
100097,1092459,"You can't bench Martin, no matter how bad the matchup may be.","You can't bech Martin, no matter how bad the matchup may be.",51961977,1473276421304,1473276421432,c,67
100097,1092459,"You can't bench Martin, no matter how bad the matchup may be.","You can't bech Martin, no matter how bad the matchup may be.",51961983,1473276422040,1473276422136,h,72
100097,1092459,"You can't bench Martin, no matter how bad the matchup may be.","You can't bech Martin, no matter how bad the matchup may be.",51961989,1473276422280,1473276422392, ,32
100097,1092459,"You can't bench Martin, no matter how bad the matchup may be.","You can't bech Martin, no matter how bad the matchup may be.",51962084,1473276422744,1473276423000,SHIFT,16
100097,1092459,"You can't bench Martin, no matter how bad the matchup may be.","You can't bech Martin, no matter how bad the matchup may be.",51962082,1473276422888,1473276422984,M,77
100097,1092459,"You can't bench Martin, no matter how bad the matchup may be.","You can't bech Martin, no matter how bad the matchup may be.",51962086,1473276423240,1473276423464,a,65
100097,1092459,"You can't bench Martin, no matter how bad the matchup may be.","You can't bech Martin, no matter how bad the matchup may be.",51962088,1473276423416,1473276423544,r,82
100097,1092459,"You can't bench Martin, no matter how bad the matchup may be.","You can't bech Martin, no matter how bad the matchup may be.",51962092,1473276423640,1473276423768,t,84
100097,1092459,"You can't bench Martin, no matter how bad the matchup may be.","You can't bech Martin, no matter how bad the matchup may be.",51962094,1473276423816,1473276423960,i,73
100097,1092459,"You can't bench Martin, no matter how bad the matchup may be.","You can't bech Martin, no matter how bad the matchup may be.",51962225,1473276423976,1473276424072,n,78
100097,1092459,"You can't bench Martin, no matter how bad the matchup may be.","You can't bech Martin, no matter how bad the matchup may be.",51962228,1473276424776,1473276424872,",",188
100097,1092459,"You can't bench Martin, no matter how bad the matchup may be.","You can't bech Martin, no matter how bad the matchup may be.",51962233,1473276425160,1473276425352, ,32
100097,1092459,"You can't bench Martin, no matter how bad the matchup may be.","You can't bech Martin, no matter how bad the matchup may be.",51962238,1473276425480,1473276425608,n,78
100097,1092459,"You can't bench Martin, no matter how bad the matchup may be.","You can't bech Martin, no matter how bad the matchup may be.",51962244,1473276425624,1473276425720,o,79
100097,1092459,"You can't bench Martin, no matter how bad the matchup may be.","You can't bech Martin, no matter how bad the matchup may be.",51962307,1473276425768,1473276425992, ,32
100097,1092459,"You can't bench Martin, no matter how bad the matchup may be.","You can't bech Martin, no matter how bad the matchup may be.",51962314,1473276425960,1473276426056,m,77
100097,1092459,"You can't bench Martin, no matter how bad the matchup may be.","You can't bech Martin, no matter how bad the matchup may be.",51962321,1473276426104,1473276426312,a,65
100097,1092459,"You can't bench Martin, no matter how bad the matchup may be.","You can't bech Martin, no matter how bad the matchup may be.",51962328,1473276426280,1473276426392,t,84
100097,1092459,"You can't bench Martin, no matter how bad the matchup may be.","You can't bech Martin, no matter how bad the matchup may be.",51962332,1473276426472,1473276426568,t,84
100097,1092459,"You can't bench Martin, no matter how bad the matchup may be.","You can't bech Martin, no matter how bad the matchup may be.",51962438,1473276426696,1473276426888,e,69
100097,1092459,"You can't bench Martin, no matter how bad the matchup may be.","You can't bech Martin, no matter how bad the matchup may be.",51962443,1473276426872,1473276426968,r,82
100097,1092459,"You can't bench Martin, no matter how bad the matchup may be.","You can't bech Martin, no matter how bad the matchup may be.",51962446,1473276427064,1473276427240, ,32
100097,1092459,"You can't bench Martin, no matter how bad the matchup may be.","You can't bech Martin, no matter how bad the matchup may be.",51962452,1473276427640,1473276427752,h,72
100097,1092459,"You can't bench Martin, no matter how bad the matchup may be.","You can't bech Martin, no matter how bad the matchup may be.",51962456,1473276427768,1473276427912,o,79
100097,1092459,"You can't bench Martin, no matter how bad the matchup may be.","You can't bech Martin, no matter how bad the matchup may be.",51962582,1473276427928,1473276428057,w,87
100097,1092459,"You can't bench Martin, no matter how bad the matchup may be.","You can't bech Martin, no matter how bad the matchup may be.",51962593,1473276428057,1473276428216, ,32
100097,1092459,"You can't bench Martin, no matter how bad the matchup may be.","You can't bech Martin, no matter how bad the matchup may be.",51962602,1473276428488,1473276428568,h,72
100097,1092459,"You can't bench Martin, no matter how bad the matchup may be.","You can't bech Martin, no matter how bad the matchup may be.",51962613,1473276428856,1473276428920,BKSP,8
100097,1092459,"You can't bench Martin, no matter how bad the matchup may be.","You can't bech Martin, no matter how bad the matchup may be.",51962623,1473276429128,1473276429240,b,66
100097,1092459,"You can't bench Martin, no matter how bad the matchup may be.","You can't bech Martin, no matter how bad the matchup may be.",51962631,1473276429464,1473276429608,a,65
100097,1092459,"You can't bench Martin, no matter how bad the matchup may be.","You can't bech Martin, no matter how bad the matchup may be.",51962669,1473276429976,1473276430088,d,68
100097,1092459,"You can't bench Martin, no matter how bad the matchup may be.","You can't bech Martin, no matter how bad the matchup may be.",51962674,1473276430184,1473276430376, ,32
100097,1092459,"You can't bench Martin, no matter how bad the matchup may be.","You can't bech Martin, no matter how bad the matchup may be.",51962678,1473276430504,1473276430632,t,84
100097,1092459,"You can't bench Martin, no matter how bad the matchup may be.","You can't bech Martin, no matter how bad the matchup may be.",51962682,1473276430568,1473276430664,h,72
100097,1092459,"You can't bench Martin, no matter how bad the matchup may be.","You can't bech Martin, no matter how bad the matchup may be.",51962685,1473276430712,1473276430808,e,69
100097,1092459,"You can't bench Martin, no matter how bad the matchup may be.","You can't bech Martin, no matter how bad the matchup may be.",51962746,1473276430776,1473276430968, ,32
100097,1092459,"You can't bench Martin, no matter how bad the matchup may be.","You can't bech Martin, no matter how bad the matchup may be.",51962748,1473276431224,1473276431304,m,77
100097,1092459,"You can't bench Martin, no matter how bad the matchup may be.","You can't bech Martin, no matter how bad the matchup may be.",51962752,1473276431416,1473276431592,a,65
100097,1092459,"You can't bench Martin, no matter how bad the matchup may be.","You can't bech Martin, no matter how bad the matchup may be.",51962756,1473276431560,1473276431672,t,84
100097,1092459,"You can't bench Martin, no matter how bad the matchup may be.","You can't bech Martin, no matter how bad the matchup may be.",51962761,1473276431800,1473276431928,c,67
100097,1092459,"You can't bench Martin, no matter how bad the matchup may be.","You can't bech Martin, no matter how bad the matchup may be.",51962768,1473276432024,1473276432104,h,72
100097,1092459,"You can't bench Martin, no matter how bad the matchup may be.","You can't bech Martin, no matter how bad the matchup may be.",51962870,1473276432296,1473276432360,u,85
100097,1092459,"You can't bench Martin, no matter how bad the matchup may be.","You can't bech Martin, no matter how bad the matchup may be.",51962874,1473276432840,1473276432952,p,80
100097,1092459,"You can't bench Martin, no matter how bad the matchup may be.","You can't bech Martin, no matter how bad the matchup may be.",51962880,1473276433096,1473276433208, ,32
100097,1092459,"You can't bench Martin, no matter how bad the matchup may be.","You can't bech Martin, no matter how bad the matchup may be.",51962884,1473276433544,1473276433656,m,77
100097,1092459,"You can't bench Martin, no matter how bad the matchup may be.","You can't bech Martin, no matter how bad the matchup may be.",51962889,1473276433880,1473276434024,a,65
100097,1092459,"You can't bench Martin, no matter how bad the matchup may be.","You can't bech Martin, no matter how bad the matchup may be.",51963070,1473276433992,1473276434029,y,89
100097,1092459,"You can't bench Martin, no matter how bad the matchup may be.","You can't bech Martin, no matter how bad the matchup may be.",51963073,1473276434584,1473276434712, ,32
100097,1092459,"You can't bench Martin, no matter how bad the matchup may be.","You can't bech Martin, no matter how bad the matchup may be.",51963077,1473276434856,1473276434904,n,66
100097,1092459,"You can't bench Martin, no matter how bad the matchup may be.","You can't bech Martin, no matter how bad the matchup may be.",51963079,1473276435336,1473276435384,BKSP,8
100097,1092459,"You can't bench Martin, no matter how bad the matchup may be.","You can't bech Martin, no matter how bad the matchup may be.",51963084,1473276435496,1473276435512,BKSP,8
100097,1092459,"You can't bench Martin, no matter how bad the matchup may be.","You can't bech Martin, no matter how bad the matchup may be.",51963090,1473276435752,1473276435832,e,69
100097,1092459,"You can't bench Martin, no matter how bad the matchup may be.","You can't bech Martin, no matter how bad the matchup may be.",51963098,1473276436296,1473276436360,BKSP,8
100097,1092459,"You can't bench Martin, no matter how bad the matchup may be.","You can't bech Martin, no matter how bad the matchup may be.",51963103,1473276436568,1473276436696,b,66
100097,1092459,"You can't bench Martin, no matter how bad the matchup may be.","You can't bech Martin, no matter how bad the matchup may be.",51963162,1473276436744,1473276436856,e,69
100097,1092459,"You can't bench Martin, no matter how bad the matchup may be.","You can't bech Martin, no matter how bad the matchup may be.",51963168,1473276437128,1473276437240,.,190
100097,1092496,I will tell them.,I will tell them.,51963433,1473276441544,1473276441736,SHIFT,16
100097,1092496,I will tell them.,I will tell them.,51963436,1473276441720,1473276441816,I,73
100097,1092496,I will tell them.,I will tell them.,51963441,1473276441928,1473276442120, ,32
100097,1092496,I will tell them.,I will tell them.,51963443,1473276442121,1473276442248,w,87
100097,1092496,I will tell them.,I will tell them.,51963445,1473276442249,1473276442328,i,73
100097,1092496,I will tell them.,I will tell them.,51963450,1473276442488,1473276442536,l,76
100097,1092496,I will tell them.,I will tell them.,51963521,1473276442632,1473276442712,l,76
100097,1092496,I will tell them.,I will tell them.,51963525,1473276442824,1473276442936, ,32
100097,1092496,I will tell them.,I will tell them.,51963528,1473276443144,1473276443256,t,84
100097,1092496,I will tell them.,I will tell them.,51963532,1473276443304,1473276443400,e,69
100097,1092496,I will tell them.,I will tell them.,51963538,1473276443544,1473276443592,l,76
100097,1092496,I will tell them.,I will tell them.,51963561,1473276443704,1473276443784,l,76
100097,1092496,I will tell them.,I will tell them.,51963565,1473276443848,1473276443976, ,32
100097,1092496,I will tell them.,I will tell them.,51963572,1473276444024,1473276444152,t,84
100097,1092496,I will tell them.,I will tell them.,51963581,1473276444104,1473276444200,h,72
100097,1092496,I will tell them.,I will tell them.,51963594,1473276444232,1473276444328,e,69
100097,1092496,I will tell them.,I will tell them.,51963708,1473276444392,1473276444488,m,77
100097,1092496,I will tell them.,I will tell them.,51963710,1473276444760,1473276444840,.,190
100097,1092511,His return date is unclear.,His return date is unclear.,51964243,1473276451048,1473276451240,SHIFT,16
100097,1092511,His return date is unclear.,His return date is unclear.,51964246,1473276451176,1473276451320,H,72
100097,1092511,His return date is unclear.,His return date is unclear.,51964250,1473276451400,1473276451528,i,73
100097,1092511,His return date is unclear.,His return date is unclear.,51964254,1473276451576,1473276451720,s,83
100097,1092511,His return date is unclear.,His return date is unclear.,51964257,1473276451752,1473276451880, ,32
100097,1092511,His return date is unclear.,His return date is unclear.,51964262,1473276452216,1473276452328,r,82
100097,1092511,His return date is unclear.,His return date is unclear.,51964315,1473276452376,1473276452536,e,69
100097,1092511,His return date is unclear.,His return date is unclear.,51964325,1473276452537,1473276452648,t,84
100097,1092511,His return date is unclear.,His return date is unclear.,51964334,1473276452984,1473276453112,u,85
100097,1092511,His return date is unclear.,His return date is unclear.,51964345,1473276453128,1473276453256,r,82
100097,1092511,His return date is unclear.,His return date is unclear.,51964354,1473276453304,1473276453384,n,78
100097,1092511,His return date is unclear.,His return date is unclear.,51964464,1473276453480,1473276453608, ,32
100097,1092511,His return date is unclear.,His return date is unclear.,51964469,1473276453880,1473276453976,d,68
100097,1092511,His return date is unclear.,His return date is unclear.,51964471,1473276454168,1473276454473,a,65
100097,1092511,His return date is unclear.,His return date is unclear.,51964480,1473276454440,1473276454584,t,84
100097,1092511,His return date is unclear.,His return date is unclear.,51964484,1473276454600,1473276454728,e,69
100097,1092511,His return date is unclear.,His return date is unclear.,51964602,1473276454776,1473276454888, ,32
100097,1092511,His return date is unclear.,His return date is unclear.,51964608,1473276454936,1473276455112,i,73
100097,1092511,His return date is unclear.,His return date is unclear.,51964615,1473276455272,1473276455400,s,83
100097,1092511,His return date is unclear.,His return date is unclear.,51964622,1473276455401,1473276455624, ,32
100097,1092511,His return date is unclear.,His return date is unclear.,51964627,1473276456104,1473276456168,u,85
100097,1092511,His return date is unclear.,His return date is unclear.,51964709,1473276456280,1473276456360,n,78
100097,1092511,His return date is unclear.,His return date is unclear.,51964715,1473276456568,1473276456648,c,67
100097,1092511,His return date is unclear.,His return date is unclear.,51964719,1473276456728,1473276456840,l,76
100097,1092511,His return date is unclear.,His return date is unclear.,51964722,1473276456984,1473276457128,e,69
100097,1092511,His return date is unclear.,His return date is unclear.,51964726,1473276457192,1473276457432,a,65
100097,1092511,His return date is unclear.,His return date is unclear.,51964827,1473276457384,1473276457496,r,82
100097,1092511,His return date is unclear.,His return date is unclear.,51964833,1473276457704,1473276457800,.,190
100097,1092531,"Yes, I am playing.","Yes, I am playing.",51965320,1473276461416,1473276461496,y,89
100097,1092531,"Yes, I am playing.","Yes, I am playing.",51965325,1473276462024,1473276462120,e,69
100097,1092531,"Yes, I am playing.","Yes, I am playing.",51965328,1473276462184,1473276462312,s,83
100097,1092531,"Yes, I am playing.","Yes, I am playing.",51965330,1473276463448,1473276463496,BKSP,8
100097,1092531,"Yes, I am playing.","Yes, I am playing.",51965333,1473276463592,1473276463672,BKSP,8
100097,1092531,"Yes, I am playing.","Yes, I am playing.",51965336,1473276463768,1473276463816,BKSP,8
100097,1092531,"Yes, I am playing.","Yes, I am playing.",51965340,1473276464568,1473276464904,SHIFT,16
100097,1092531,"Yes, I am playing.","Yes, I am playing.",51965343,1473276464840,1473276464920,Y,89
100097,1092531,"Yes, I am playing.","Yes, I am playing.",51965347,1473276465255,1473276465336,e,69
100097,1092531,"Yes, I am playing.","Yes, I am playing.",51965497,1473276465384,1473276465512,s,83
100097,1092531,"Yes, I am playing.","Yes, I am playing.",51965498,1473276466200,1473276466264,",",188
100097,1092531,"Yes, I am playing.","Yes, I am playing.",51965499,1473276466631,1473276466744, ,32
100097,1092531,"Yes, I am playing.","Yes, I am playing.",51965501,1473276467000,1473276467192,SHIFT,16
100097,1092531,"Yes, I am playing.","Yes, I am playing.",51965503,1473276467096,1473276467193,I,73
100097,1092531,"Yes, I am playing.","Yes, I am playing.",51965507,1473276467288,1473276467400, ,32
100097,1092531,"Yes, I am playing.","Yes, I am playing.",51965577,1473276467405,1473276467592,a,65
100097,1092531,"Yes, I am playing.","Yes, I am playing.",51965584,1473276467593,1473276467656,m,77
100097,1092531,"Yes, I am playing.","Yes, I am playing.",51965588,1473276467992,1473276468104, ,32
100097,1092531,"Yes, I am playing.","Yes, I am playing.",51965592,1473276468328,1473276468424,p,80
100097,1092531,"Yes, I am playing.","Yes, I am playing.",51965596,1473276468568,1473276468600,l,75
100097,1092531,"Yes, I am playing.","Yes, I am playing.",51965831,1473276468648,1473276468824,a,65
100097,1092531,"Yes, I am playing.","Yes, I am playing.",51965842,1473276469096,1473276469176,BKSP,8
100097,1092531,"Yes, I am playing.","Yes, I am playing.",51965851,1473276469256,1473276469320,BKSP,8
100097,1092531,"Yes, I am playing.","Yes, I am playing.",51965863,1473276469400,1473276469464,BKSP,8
100097,1092531,"Yes, I am playing.","Yes, I am playing.",51965872,1473276470488,1473276470664,l,76
100097,1092531,"Yes, I am playing.","Yes, I am playing.",51965881,1473276470584,1473276470728,a,65
100097,1092531,"Yes, I am playing.","Yes, I am playing.",51965887,1473276471160,1473276471288,y,89
100097,1092531,"Yes, I am playing.","Yes, I am playing.",51965894,1473276471384,1473276471560,i,73
100097,1092531,"Yes, I am playing.","Yes, I am playing.",51966110,1473276471565,1473276471672,n,78
100097,1092531,"Yes, I am playing.","Yes, I am playing.",51966113,1473276471688,1473276471848,g,71
100097,1092531,"Yes, I am playing.","Yes, I am playing.",51966116,1473276472264,1473276472360,/,191
100097,1092531,"Yes, I am playing.","Yes, I am playing.",51966121,1473276473064,1473276473144,BKSP,8
100097,1092531,"Yes, I am playing.","Yes, I am playing.",51966128,1473276473512,1473276473624,",",188
100097,1092531,"Yes, I am playing.","Yes, I am playing.",51966136,1473276474056,1473276474152,BKSP,8
100097,1092531,"Yes, I am playing.","Yes, I am playing.",51966142,1473276474424,1473276474520,.,190
100097,1092561,Ava please put it on my calendar.,Ava please put it on my calendar.,51966502,1473276478008,1473276478280,SHIFT,16
100097,1092561,Ava please put it on my calendar.,Ava please put it on my calendar.,51966508,1473276478184,1473276478376,A,65
100097,1092561,Ava please put it on my calendar.,Ava please put it on my calendar.,51966511,1473276478408,1473276478568,v,86
100097,1092561,Ava please put it on my calendar.,Ava please put it on my calendar.,51966517,1473276478568,1473276478696,a,65
100097,1092561,Ava please put it on my calendar.,Ava please put it on my calendar.,51966522,1473276478776,1473276478920, ,32
100097,1092561,Ava please put it on my calendar.,Ava please put it on my calendar.,51966531,1473276479112,1473276479208,p,80
100097,1092561,Ava please put it on my calendar.,Ava please put it on my calendar.,51966903,1473276479304,1473276479384,l,76
100097,1092561,Ava please put it on my calendar.,Ava please put it on my calendar.,51966906,1473276479464,1473276479624,a,65
100097,1092561,Ava please put it on my calendar.,Ava please put it on my calendar.,51966912,1473276480120,1473276480168,=,187
100097,1092561,Ava please put it on my calendar.,Ava please put it on my calendar.,51966918,1473276480121,1473276480168,BKSP,8
100097,1092561,Ava please put it on my calendar.,Ava please put it on my calendar.,51966922,1473276480520,1473276480584,BKSP,8
100097,1092561,Ava please put it on my calendar.,Ava please put it on my calendar.,51966926,1473276480664,1473276480728,BKSP,8
100097,1092561,Ava please put it on my calendar.,Ava please put it on my calendar.,51966931,1473276482264,1473276482376,l,76
100097,1092561,Ava please put it on my calendar.,Ava please put it on my calendar.,51966936,1473276482424,1473276482552,e,69
100097,1092561,Ava please put it on my calendar.,Ava please put it on my calendar.,51966987,1473276482584,1473276482776,a,65
100097,1092561,Ava please put it on my calendar.,Ava please put it on my calendar.,51966991,1473276482824,1473276483032,s,83
100097,1092561,Ava please put it on my calendar.,Ava please put it on my calendar.,51966996,1473276482984,1473276483112,e,69
100097,1092561,Ava please put it on my calendar.,Ava please put it on my calendar.,51967000,1473276483176,1473276483304, ,32
100097,1092561,Ava please put it on my calendar.,Ava please put it on my calendar.,51967004,1473276483384,1473276483544,p,80
100097,1092561,Ava please put it on my calendar.,Ava please put it on my calendar.,51967068,1473276483592,1473276483688,u,85
100097,1092561,Ava please put it on my calendar.,Ava please put it on my calendar.,51967072,1473276483736,1473276483848,t,84
100097,1092561,Ava please put it on my calendar.,Ava please put it on my calendar.,51967075,1473276483848,1473276484008, ,32
100097,1092561,Ava please put it on my calendar.,Ava please put it on my calendar.,51967079,1473276484104,1473276484216,i,73
100097,1092561,Ava please put it on my calendar.,Ava please put it on my calendar.,51967081,1473276484232,1473276484360,t,84
100097,1092561,Ava please put it on my calendar.,Ava please put it on my calendar.,51967151,1473276484365,1473276484458, ,32
100097,1092561,Ava please put it on my calendar.,Ava please put it on my calendar.,51967159,1473276484504,1473276484648,o,79
100097,1092561,Ava please put it on my calendar.,Ava please put it on my calendar.,51967166,1473276484648,1473276484728,n,78
100097,1092561,Ava please put it on my calendar.,Ava please put it on my calendar.,51967171,1473276484808,1473276484904, ,32
100097,1092561,Ava please put it on my calendar.,Ava please put it on my calendar.,51967175,1473276484984,1473276485064,m,77
100097,1092561,Ava please put it on my calendar.,Ava please put it on my calendar.,51967247,1473276485208,1473276485304,y,89
100097,1092561,Ava please put it on my calendar.,Ava please put it on my calendar.,51967251,1473276485432,1473276485624, ,32
100097,1092561,Ava please put it on my calendar.,Ava please put it on my calendar.,51967253,1473276485784,1473276485928,c,67
100097,1092561,Ava please put it on my calendar.,Ava please put it on my calendar.,51967255,1473276486072,1473276486232,a,65
100097,1092561,Ava please put it on my calendar.,Ava please put it on my calendar.,51967342,1473276486216,1473276486344,l,76
100097,1092561,Ava please put it on my calendar.,Ava please put it on my calendar.,51967348,1473276486440,1473276486552,e,69
100097,1092561,Ava please put it on my calendar.,Ava please put it on my calendar.,51967351,1473276486631,1473276486728,n,78
100097,1092561,Ava please put it on my calendar.,Ava please put it on my calendar.,51967354,1473276486968,1473276487064,d,68
100097,1092561,Ava please put it on my calendar.,Ava please put it on my calendar.,51967356,1473276487320,1473276487480,a,65
100097,1092561,Ava please put it on my calendar.,Ava please put it on my calendar.,51967392,1473276487432,1473276487576,r,82
100097,1092561,Ava please put it on my calendar.,Ava please put it on my calendar.,51967397,1473276487784,1473276487864,.,190
100097,1092587,I haven't seen it yet.,I baven't seen it yet.,51967754,1473276491288,1473276491431,SHIFT,16
100097,1092587,I haven't seen it yet.,I baven't seen it yet.,51967760,1473276491415,1473276491496,I,73
100097,1092587,I haven't seen it yet.,I baven't seen it yet.,51967765,1473276491608,1473276491752, ,32
100097,1092587,I haven't seen it yet.,I baven't seen it yet.,51967769,1473276491848,1473276491896,g,71
100097,1092587,I haven't seen it yet.,I baven't seen it yet.,51967774,1473276492280,1473276492360,BKSP,8
100097,1092587,I haven't seen it yet.,I baven't seen it yet.,51967779,1473276492839,1473276492919,b,66
100097,1092587,I haven't seen it yet.,I baven't seen it yet.,51967784,1473276493000,1473276493207,a,65
100097,1092587,I haven't seen it yet.,I baven't seen it yet.,51967877,1473276493176,1473276493336,v,86
100097,1092587,I haven't seen it yet.,I baven't seen it yet.,51967882,1473276493367,1473276493512,e,69
100097,1092587,I haven't seen it yet.,I baven't seen it yet.,51967887,1473276493544,1473276493656,n,78
100097,1092587,I haven't seen it yet.,I baven't seen it yet.,51967890,1473276494183,1473276494328,',222
100097,1092587,I haven't seen it yet.,I baven't seen it yet.,51967893,1473276494328,1473276494455,t,84
100097,1092587,I haven't seen it yet.,I baven't seen it yet.,51967896,1473276494488,1473276494680, ,32
100097,1092587,I haven't seen it yet.,I baven't seen it yet.,51967948,1473276494791,1473276494999,s,83
100097,1092587,I haven't seen it yet.,I baven't seen it yet.,51967951,1473276494968,1473276495031,e,69
100097,1092587,I haven't seen it yet.,I baven't seen it yet.,51967955,1473276495096,1473276495176,e,69
100097,1092587,I haven't seen it yet.,I baven't seen it yet.,51967962,1473276495255,1473276495335,n,78
100097,1092587,I haven't seen it yet.,I baven't seen it yet.,51967966,1473276495399,1473276495527, ,32
100097,1092587,I haven't seen it yet.,I baven't seen it yet.,51968042,1473276495575,1473276495672,i,73
100097,1092587,I haven't seen it yet.,I baven't seen it yet.,51968043,1473276495687,1473276495816,t,84
100097,1092587,I haven't seen it yet.,I baven't seen it yet.,51968045,1473276495816,1473276495943, ,32
100097,1092587,I haven't seen it yet.,I baven't seen it yet.,51968049,1473276496087,1473276496199,y,89
100097,1092587,I haven't seen it yet.,I baven't seen it yet.,51968052,1473276496487,1473276496616,e,69
100097,1092587,I haven't seen it yet.,I baven't seen it yet.,51968236,1473276496680,1473276496807,t,84
100097,1092587,I haven't seen it yet.,I baven't seen it yet.,51968240,1473276497048,1473276497175,/,191
100097,1092587,I haven't seen it yet.,I baven't seen it yet.,51968246,1473276497832,1473276497911,BKSP,8
100097,1092587,I haven't seen it yet.,I baven't seen it yet.,51968250,1473276498456,1473276498519,.,190
